-- phpMyAdmin SQL Dump
-- version 4.9.0.1
-- https://www.phpmyadmin.net/
--
-- Host: 127.0.0.1
-- Server version: 10.3.15-MariaDB
-- PHP Version: 7.2.19

SET SQL_MODE = "NO_AUTO_VALUE_ON_ZERO";
SET AUTOCOMMIT = 0;
START TRANSACTION;
SET time_zone = "+00:00";


/*!40101 SET @OLD_CHARACTER_SET_CLIENT=@@CHARACTER_SET_CLIENT */;
/*!40101 SET @OLD_CHARACTER_SET_RESULTS=@@CHARACTER_SET_RESULTS */;
/*!40101 SET @OLD_COLLATION_CONNECTION=@@COLLATION_CONNECTION */;
/*!40101 SET NAMES utf8mb4 */;

--
-- Database: `tms`
--

-- --------------------------------------------------------

--
-- Table structure for table `admin`
--

CREATE TABLE `admin` (
  `id` int(11) NOT NULL,
  `UserName` varchar(100) DEFAULT NULL,
  `Password` varchar(100) DEFAULT NULL,
  `updationDate` timestamp NULL DEFAULT NULL
) ENGINE=InnoDB DEFAULT CHARSET=latin1;

--
-- Dumping data for table `admin`
--

INSERT INTO `admin` (`id`, `UserName`, `Password`, `updationDate`) VALUES
(1, 'admin', 'f925916e2754e5e03f75dd58a5733251', '2021-04-10 11:18:49');

-- --------------------------------------------------------

--
-- Table structure for table `booking`
--

CREATE TABLE `booking` (
  `BookingId` int(11) NOT NULL,
  `PackageId` int(11) DEFAULT NULL,
  `UserEmail` varchar(100) DEFAULT NULL,
  `FromDate` varchar(100) DEFAULT NULL,
  `ToDate` varchar(100) DEFAULT NULL,
  `Comment` mediumtext DEFAULT NULL,
  `RegDate` timestamp NULL DEFAULT current_timestamp(),
  `status` int(11) DEFAULT NULL,
  `CancelledBy` varchar(5) DEFAULT NULL,
  `UpdationDate` timestamp NULL DEFAULT NULL ON UPDATE current_timestamp()
) ENGINE=InnoDB DEFAULT CHARSET=latin1;

--
-- Dumping data for table `booking`
--

INSERT INTO `booking` (`BookingId`, `PackageId`, `UserEmail`, `FromDate`, `ToDate`, `Comment`, `RegDate`, `status`, `CancelledBy`, `UpdationDate`) VALUES
(2, 1, 'levi@gmail.com', '04/18/2021', '04/30/2021', '\"Lorem ipsum dolor sit amet, cpariatur. Excepteur sint ', '2021-04-13 19:01:10', 2, 'u', '2021-04-13 21:30:23'),
(3, 2, 'levi@gmail.com', '04/16/2021', '04/30/2021', 'casf esd sg gd gdfh df', '2021-04-13 20:20:01', 2, 'a', '2021-04-13 23:04:40'),
(4, 1, 'levi@gmail.com', '04/16/2021', '04/30/2021', 'dwef  fwe', '2021-04-13 20:32:54', 2, 'a', '2021-04-13 21:36:39'),
(5, 1, 'levi@gmail.com', '04/16/2021', '04/30/2021', 'dwef  fwe', '2021-04-13 20:33:17', 2, 'a', '2021-04-13 20:02:42'),
(6, 2, 'levi@gmail.com', '04/14/2021', '04/24/2021', 'test demo', '2021-04-13 21:18:37', 2, 'a', '2021-04-14 04:58:28'),
(7, 4, 'erina@gmail.com', '04/18/2021', '04/30/2021', 'est laborum.\" velit esse cillum dolore eu fugiat nulla pariatur. Excepteur sint occaecat cupidatat non proident, sunt in culpa qui officia deserunt mollit anim id est laborum.\" velit esse cillum dolore eu fugiat nulla pariatur. Excepteur sint occaecat cupidatat non proident, sunt in culpa qui officia deserunt mollit anim id est laborum.', '2021-04-14 04:09:11', 2, 'a', '2021-04-14 04:47:39'),
(8, 2, 'erina@gmail.com', '04/27/2021', '04/28/2021', 'ubub5u6', '2021-04-14 04:10:24', 2, 'a', '2021-04-14 04:13:03'),
(9, 1, 'demo@test.com', '04/19/2021', '04/21/2021', 'demo test demo test', '2021-04-14 04:45:11', 1, NULL, '2021-04-14 04:47:45'),
(10, 5, 'abc@g.com', '04/22/2021', '04/24/2021', 'test test t test test ttest test ttest test ttest test ttest test ttest test ttest test ttest test ttest test ttest test ttest test ttest test ttest test t', '2021-04-14 04:56:18', 1, NULL, '2021-04-14 04:58:19'),
(11, 4, 'levi@gmail.com', '2021-04-30', '2021-08-02', 'This is sample text for testing,', '2021-04-13 20:15:35', 0, NULL, NULL);

-- --------------------------------------------------------

--
-- Table structure for table `enquiry`
--

CREATE TABLE `enquiry` (
  `id` int(11) NOT NULL,
  `FullName` varchar(100) DEFAULT NULL,
  `EmailId` varchar(100) DEFAULT NULL,
  `MobileNumber` char(10) DEFAULT NULL,
  `Subject` varchar(100) DEFAULT NULL,
  `Description` mediumtext DEFAULT NULL,
  `PostingDate` timestamp NULL DEFAULT current_timestamp(),
  `Status` int(1) DEFAULT NULL
) ENGINE=InnoDB DEFAULT CHARSET=latin1;

--
-- Dumping data for table `enquiry`
--

INSERT INTO `enquiry` (`id`, `FullName`, `EmailId`, `MobileNumber`, `Subject`, `Description`, `PostingDate`, `Status`) VALUES
(1, 'anuj', 'anuj.lpu1@gmail.com', '2354235235', 'The standard Lorem Ipsum passage, used since the 1500s', 'Lorem ipsum dolor sit amet, consectetur adipiscing elit, sed do eiusmod tempor incididunt ut labore et dolore magna aliqua. Ut enim ad minim veniam, quis nostrud exercitation ullamco laboris nisi ut aliquip ex ea commodo consequat. Duis aute irure dolor in reprehenderit in voluptate velit esse cillum dolore eu fugiat nulla pariatur. Excepteur sint occaecat cupidatat non proident, sunt in culpa qui officia deserunt mollit anim id est laborum', '2021-04-13 22:23:53', 1),
(2, 'efgegter', 'terterte@gmail.com', '3454353453', 'The standard Lorem Ipsum passage', 'nventore veritatis et quasi architecto beatae vitae dicta sunt explicabo. Nemo enim ipsam voluptatem quia voluptas sit aspernatur aut odit aut fugit, sed quia consequuntur magni dolores eos qui ratione voluptatem sequi nesciunt. Neque porro quisquam est, qui dolorem ipsum quia dolor sit amet, consectetur, adipisci velit, sed quia non numquam eius modi tempora incidunt ut labore et dolore magnam aliquam quaerat volup', '2021-04-13 22:27:00', 1),
(3, 'fwerwetrwet', 'fwsfhrtre@hdhdhqw.com', '8888888888', 'erwt wet', 'nventore veritatis et quasi architecto beatae vitae dicta sunt explicabo. Nemo enim ipsam voluptatem quia voluptas sit aspernatur aut odit aut fugit, sed quia consequuntur magni dolores eos qui ratione voluptatem sequi nesciunt. Neque porro quisquam est, qui dolorem ipsum quia dolor sit amet, consectetur, adipisci velit, sed quia non numquam eius modi tempora incidunt ut labore et dolore magnam aliquam quaerat volup', '2021-04-13 22:28:11', 1),
(4, 'Test', 'test@gm.com', '4747474747', 'Test', 'iidiidiidiidiidiidiidiidiidiidiidiidiidiidiidiidiidiidiidiidiidiidiidiidiidiid', '2021-04-14 04:54:04', 1);

-- --------------------------------------------------------

--
-- Table structure for table `issues`
--

CREATE TABLE `issues` (
  `id` int(11) NOT NULL,
  `UserEmail` varchar(100) DEFAULT NULL,
  `Issue` varchar(100) DEFAULT NULL,
  `Description` mediumtext DEFAULT NULL,
  `PostingDate` timestamp NULL DEFAULT current_timestamp(),
  `AdminRemark` mediumtext DEFAULT NULL,
  `AdminremarkDate` timestamp NULL DEFAULT NULL ON UPDATE current_timestamp()
) ENGINE=InnoDB DEFAULT CHARSET=latin1;

--
-- Dumping data for table `issues`
--

INSERT INTO `issues` (`id`, `UserEmail`, `Issue`, `Description`, `PostingDate`, `AdminRemark`, `AdminremarkDate`) VALUES
(4, 'levi@gmail.com', 'Cancellation', 'Lorem ipsum dolor sit amet, consectetur adipiscing elit, sed do eiusmod tempor incididunt ut labore et dolore magna aliqua. Ut enim ad minim veniam, quis nostrud exercitation ullamco ', '2021-04-13 22:03:33', 'Sed ut perspiciatis unde omnis iste natus error sit voluptatem accusantium doloremque laudantium, totam rem aperiam, eaque ipsa quae ab illo inventore veritatis et quasi architecto beatae vitae dicta sunt explicabo. Nemo enim ipsam voluptatem quia voluptas sit aspernatur aut odit aut fugit, sed quia consequuntur magni dolores eos qui ratione voluptatem sequi nesciunt. Neque porro quisquam est, qui dolorem ipsum quia dolor sit amet, consectetur, adipisci velit, sed quia non numquam eius modi tempora incidunt ut labore et dolore magnam aliquam quaerat voluptatem. Ut enim ad minima veniam, quis nostrum exercitationem ullam corporis suscipit laboriosam, nisi ut aliquid ex ea commodi consequatur? Quis autem vel eum iure reprehenderit qui in ea voluptate velit esse quam nihil molestiae consequatur, vel illum qui dolorem eum fugiat quo voluptas nulla pariatur', '2021-04-13 23:50:40'),
(5, 'erina@gmail.com', 'Cancellation', 'tbt 3y 34y4 3y3hgg34t', '2021-04-14 04:12:14', 'sg sd gs g sdgfs ', '2021-04-14 04:52:04'),
(6, 'demo@test.com', 'Refund', 'demo test.com demo test.comdemo test.comdemo test.comdemo test.com', '2021-04-14 04:45:37', NULL, '0000-00-00 00:00:00'),
(7, 'abc@g.com', 'Refund', 'test test ttest test ttest test ttest test ttest test ttest test t', '2021-04-14 04:56:46', 'vetet ert erteryre', '2021-04-14 04:58:43');

-- --------------------------------------------------------

--
-- Table structure for table `pages`
--

CREATE TABLE `pages` (
  `id` int(11) NOT NULL,
  `type` varchar(255) DEFAULT '',
  `detail` longtext DEFAULT NULL
) ENGINE=MyISAM DEFAULT CHARSET=latin1;

--
-- Dumping data for table `pages`
--

INSERT INTO `pages` (`id`, `type`, `detail`) VALUES
(1, 'terms', '<P align=justify><FONT size=2><STRONG><FONT color=#990000>(1) ACCEPTANCE OF TERMS</FONT><BR><BR></STRONG>Welcome to Yahoo! India. 1Yahoo Web Services India Private Limited Yahoo\", \"we\" or \"us\" as the case may be) provides the Service (defined below) to you, subject to the following Terms of Service (\"TOS\"), which may be updated by us from time to time without notice to you. You can review the most current version of the TOS at any time at: <A href=\"http://in.docs.yahoo.com/info/terms/\">http://in.docs.yahoo.com/info/terms/</A>. In addition, when using particular Yahoo services or third party services, you and Yahoo shall be subject to any posted guidelines or rules applicable to such services which may be posted from time to time. All such guidelines or rules, which maybe subject to change, are hereby incorporated by reference into the TOS. In most cases the guides and rules are specific to a particular part of the Service and will assist you in applying the TOS to that part, but to the extent of any inconsistency between the TOS and any guide or rule, the TOS will prevail. We may also offer other services from time to time that are governed by different Terms of Services, in which case the TOS do not apply to such other services if and to the extent expressly excluded by such different Terms of Services. Yahoo also may offer other services from time to time that are governed by different Terms of Services. These TOS do not apply to such other services that are governed by different Terms of Service. </FONT></P>\r\n<P align=justify><FONT size=2>Welcome to Yahoo! India. Yahoo Web Services India Private Limited Yahoo\", \"we\" or \"us\" as the case may be) provides the Service (defined below) to you, subject to the following Terms of Service (\"TOS\"), which may be updated by us from time to time without notice to you. You can review the most current version of the TOS at any time at: </FONT><A href=\"http://in.docs.yahoo.com/info/terms/\"><FONT size=2>http://in.docs.yahoo.com/info/terms/</FONT></A><FONT size=2>. In addition, when using particular Yahoo services or third party services, you and Yahoo shall be subject to any posted guidelines or rules applicable to such services which may be posted from time to time. All such guidelines or rules, which maybe subject to change, are hereby incorporated by reference into the TOS. In most cases the guides and rules are specific to a particular part of the Service and will assist you in applying the TOS to that part, but to the extent of any inconsistency between the TOS and any guide or rule, the TOS will prevail. We may also offer other services from time to time that are governed by different Terms of Services, in which case the TOS do not apply to such other services if and to the extent expressly excluded by such different Terms of Services. Yahoo also may offer other services from time to time that are governed by different Terms of Services. These TOS do not apply to such other services that are governed by different Terms of Service. </FONT></P>\r\n<P align=justify><FONT size=2>Welcome to Yahoo! India. Yahoo Web Services India Private Limited Yahoo\", \"we\" or \"us\" as the case may be) provides the Service (defined below) to you, subject to the following Terms of Service (\"TOS\"), which may be updated by us from time to time without notice to you. You can review the most current version of the TOS at any time at: </FONT><A href=\"http://in.docs.yahoo.com/info/terms/\"><FONT size=2>http://in.docs.yahoo.com/info/terms/</FONT></A><FONT size=2>. In addition, when using particular Yahoo services or third party services, you and Yahoo shall be subject to any posted guidelines or rules applicable to such services which may be posted from time to time. All such guidelines or rules, which maybe subject to change, are hereby incorporated by reference into the TOS. In most cases the guides and rules are specific to a particular part of the Service and will assist you in applying the TOS to that part, but to the extent of any inconsistency between the TOS and any guide or rule, the TOS will prevail. We may also offer other services from time to time that are governed by different Terms of Services, in which case the TOS do not apply to such other services if and to the extent expressly excluded by such different Terms of Services. Yahoo also may offer other services from time to time that are governed by different Terms of Services. These TOS do not apply to such other services that are governed by different Terms of Service. </FONT></P>'),
(2, 'privacy', '<span style=\"color: rgb(0, 0, 0); font-family: &quot;Open Sans&quot;, Arial, sans-serif; font-size: 14px; text-align: justify;\">At vero eos et accusamus et iusto odio dignissimos ducimus qui blanditiis praesentium voluptatum deleniti atque corrupti quos dolores et quas molestias excepturi sint occaecati cupiditate non provident, similique sunt in culpa qui officia deserunt mollitia animi, id est laborum et dolorum fuga. Et harum quidem rerum facilis est et expedita distinctio. Nam libero tempore, cum soluta nobis est eligendi optio cumque nihil impedit quo minus id quod maxime placeat facere possimus, omnis voluptas assumenda est, omnis dolor repellendus. Temporibus autem quibusdam et aut officiis debitis aut rerum necessitatibus saepe eveniet ut et voluptates repudiandae sint et molestiae non recusandae. Itaque earum rerum hic tenetur a sapiente delectus, ut aut reiciendis voluptatibus maiores alias consequatur aut perferendis doloribus asperiores repellat</span>'),
(3, 'aboutus', '										<span style=\"color: rgb(0, 0, 0); font-family: &quot;Open Sans&quot;, Arial, sans-serif; font-size: 14px; text-align: justify;\">Test test</span>'),
(11, 'contact', '										<span style=\"color: rgb(0, 0, 0); font-family: &quot;Open Sans&quot;, Arial, sans-serif; font-size: 14px; text-align: justify;\">Address------Test</span>');

-- --------------------------------------------------------

--
-- Table structure for table `tourpackages`
--

CREATE TABLE `tourpackages` (
  `PackageId` int(11) NOT NULL,
  `PackageName` varchar(200) DEFAULT NULL,
  `PackageType` varchar(150) DEFAULT NULL,
  `PackageLocation` varchar(100) DEFAULT NULL,
  `PackagePrice` int(11) DEFAULT NULL,
  `PackageFetures` varchar(255) DEFAULT NULL,
  `PackageDetails` mediumtext DEFAULT NULL,
  `PackageImage` varchar(100) DEFAULT NULL,
  `Creationdate` timestamp NULL DEFAULT current_timestamp(),
  `UpdationDate` timestamp NULL DEFAULT NULL ON UPDATE current_timestamp()
) ENGINE=InnoDB DEFAULT CHARSET=latin1;

--
-- Dumping data for table `tourpackages`
--

INSERT INTO `tourpackages` (`PackageId`, `PackageName`, `PackageType`, `PackageLocation`, `PackagePrice`, `PackageFetures`, `PackageDetails`, `PackageImage`, `Creationdate`, `UpdationDate`) VALUES
(1, 'Manali Trip ', 'General', 'Kullu Manali India', 100, 'Air Conditioning ,Balcony / Terrace,Cable / Satellite / Pay TV available,Ceiling Fan,Hairdryer', '\"Lorem ipsum dolor sit amet, consectetur adipiscing elit, sed do eiusmod tempor incididunt ut labore et dolore magna aliqua. Ut enim ad minim veniam, quis nostrud exercitation ullamco laboris nisi ut aliquip ex ea commodo consequat. Duis aute irure dolor in reprehenderit in voluptate velit esse cillum dolore eu fugiat nulla pariatur. Excepteur sint occaecat cupidatat non proident, sunt in culpa qui officia deserunt mollit anim id est laborum.\"', '14287acc-b5cb-46db-b8b4-e3ffe652fc0d.png', '2021-04-13 14:23:44', '2021-04-13 17:51:01'),
(2, 'Test ', 'Test', 'Delhi India', 5433, '\"Lorem ipsum dolor sit amet, consectetur adipiscing elit, sed do eiusmod tempor incididunt ut labore et dolore magna aliqua. Ut enim ad minim veniam, quis nostrud exercitation ullamco laboris nisi ut aliquip ex ea commodo consequat. Duis aute irure dolor ', 'demo test demo test demo test demo test demo test demo test demo test demo test demo test demo test demo test demo test demo test demo test demo test demo test demo test demo test demo test demo test demo test demo test demo test demo test demo test demo test demo test demo test demo test demo test demo test demo test demo test demo test demo test demo test demo test demo test demo test demo test demo test demo test demo test demo test demo test ', 'phpgurukul-1.png', '2021-04-13 15:24:18', '2021-04-13 17:51:57'),
(3, 'Demo Demo  Demo Demo test', 'Demo Demo Demo Demo Demo Demo  test', 'Demo Demo Demo Demo Demo Demo  test', 1000, 'Demo Demo  test', 'Sample Text for testing.', 'complaints.jpg', '2021-04-13 16:00:58', '2021-04-20 20:12:41'),
(4, 'Kerla', 'Familty and Couple', 'Kerlal', 2000, ' velit esse cillum dolore eu fugiat nulla pariatur. Excepteur sint occaecat cupidatat non proident, sunt in culpa qui officia deserunt mollit anim id est laborum.\"', ' velit esse cillum dolore eu fugiat nulla pariatur. Excepteur sint occaecat cupidatat non proident, sunt in culpa qui officia deserunt mollit anim id est laborum.\" velit esse cillum dolore eu fugiat nulla pariatur. Excepteur sint occaecat cupidatat non proident, sunt in culpa qui officia deserunt mollit anim id est laborum.\" velit esse cillum dolore eu fugiat nulla pariatur. Excepteur sint occaecat cupidatat non proident, sunt in culpa qui officia deserunt mollit anim id est laborum.\" velit esse cillum dolore eu fugiat nulla pariatur. Excepteur sint occaecat cupidatat non proident, sunt in culpa qui officia deserunt mollit anim id est laborum.\"', 'images.jpg', '2021-04-13 22:39:37', '0000-00-00 00:00:00'),
(5, 'Coorg : Tour Packages', 'General', 'Coorg', 3000, ' velit esse cillum dolore eu fugiat nulla pariatur. Excepteur sint occaecat cupidatat non proident, sunt in culpa qui officia deserunt mollit anim id est laborum.\"', ' velit esse cillum dolore eu fugiat nulla pariatur. Excepteur sint occaecat cupidatat non proident, sunt in culpa qui officia deserunt mollit anim id est laborum.\" velit esse cillum dolore eu fugiat nulla pariatur. Excepteur sint occaecat cupidatat non proident, sunt in culpa qui officia deserunt mollit anim id est laborum.\" velit esse cillum dolore eu fugiat nulla pariatur. Excepteur sint occaecat cupidatat non proident, sunt in culpa qui officia deserunt mollit anim id est laborum.\" velit esse cillum dolore eu fugiat nulla pariatur. Excepteur sint occaecat cupidatat non proident, sunt in culpa qui officia deserunt mollit anim id est laborum.\" velit esse cillum dolore eu fugiat nulla pariatur. Excepteur sint occaecat cupidatat non proident, sunt in culpa qui officia deserunt mollit anim id est laborum.\" velit esse cillum dolore eu fugiat nulla pariatur. Excepteur sint occaecat cupidatat non proident, sunt in culpa qui officia deserunt mollit anim id est laborum.\" velit esse cillum dolore eu fugiat nulla pariatur. Excepteur sint occaecat cupidatat non proident, sunt in culpa qui officia deserunt mollit anim id est laborum.\" velit esse cillum dolore eu fugiat nulla pariatur. Excepteur sint occaecat cupidatat non proident, sunt in culpa qui officia deserunt mollit anim id est laborum.\"', 'coorg-hill-station1.jpg', '2021-04-13 22:42:10', '0000-00-00 00:00:00'),
(6, 'Indonesia', 'Family', 'Indonesia', 5000, 'Frree wifi, pickup and drop etc', 'Test Test Test Test Test Test Test Test Test Test Test Test Test Test Test Test Test Test Test Test Test Test Test Test Test Test Test Test Test Test Test Test Test Test Test Test Test Test Test Test Test Test Test Test Test Test Test Test Test Test Test Test Test Test Test Test Test Test Test Test ', 'mamp-pro-logo-big.png', '2021-04-14 08:01:08', '2021-04-14 08:01:27');

-- --------------------------------------------------------

--
-- Table structure for table `users`
--

CREATE TABLE `users` (
  `id` int(11) NOT NULL,
  `FullName` varchar(100) DEFAULT NULL,
  `MobileNumber` char(10) DEFAULT NULL,
  `EmailId` varchar(70) DEFAULT NULL,
  `Password` varchar(100) DEFAULT NULL,
  `RegDate` timestamp NULL DEFAULT current_timestamp(),
  `UpdationDate` timestamp NULL DEFAULT NULL ON UPDATE current_timestamp()
) ENGINE=InnoDB DEFAULT CHARSET=latin1;

--
-- Dumping data for table `users`
--

INSERT INTO `users` (`id`, `FullName`, `MobileNumber`, `EmailId`, `Password`, `RegDate`, `UpdationDate`) VALUES
(1, 'Levi Acraman', '1111111111', 'levi@gmail.com', 'f925916e2754e5e03f75dd58a5733251', '2021-04-10 10:38:17', '2021-04-20 20:18:18'),
(3, 'erina', '9999999999', 'erina@gmail.com', 'f925916e2754e5e03f75dd58a5733251', '2021-04-10 10:50:48', '2021-04-14 04:40:19'),
(7, 'test', '7676767676', 'test@gm.com', 'f925916e2754e5e03f75dd58a5733251', '2021-04-10 10:54:56', '0000-00-00 00:00:00'),
(8, 'Levi Acraman', '9999999999', 'demo@gmail.com', 'f925916e2754e5e03f75dd58a5733251', '2021-04-14 04:17:44', '0000-00-00 00:00:00'),
(9, 'XYZabc', '3333333333', 'xyz@gmail.com', 'f925916e2754e5e03f75dd58a5733251', '2021-04-14 04:25:13', '2021-04-14 04:25:42'),
(10, 'Levi Acraman', '4543534534', 'demo@test.com', 'f925916e2754e5e03f75dd58a5733251', '2021-04-14 04:43:23', '2021-04-14 04:46:57'),
(11, 'XYZ', '8888888888', 'abc@g.com', 'f925916e2754e5e03f75dd58a5733251', '2021-04-14 04:54:32', '2021-04-14 04:55:17');

--
-- Indexes for dumped tables
--

--
-- Indexes for table `admin`
--
ALTER TABLE `admin`
  ADD PRIMARY KEY (`id`);

--
-- Indexes for table `booking`
--
ALTER TABLE `booking`
  ADD PRIMARY KEY (`BookingId`);

--
-- Indexes for table `enquiry`
--
ALTER TABLE `enquiry`
  ADD PRIMARY KEY (`id`);

--
-- Indexes for table `issues`
--
ALTER TABLE `issues`
  ADD PRIMARY KEY (`id`);

--
-- Indexes for table `pages`
--
ALTER TABLE `pages`
  ADD PRIMARY KEY (`id`);

--
-- Indexes for table `tourpackages`
--
ALTER TABLE `tourpackages`
  ADD PRIMARY KEY (`PackageId`);

--
-- Indexes for table `users`
--
ALTER TABLE `users`
  ADD PRIMARY KEY (`id`),
  ADD KEY `EmailId` (`EmailId`),
  ADD KEY `EmailId_2` (`EmailId`);

--
-- AUTO_INCREMENT for dumped tables
--

--
-- AUTO_INCREMENT for table `admin`
--
ALTER TABLE `admin`
  MODIFY `id` int(11) NOT NULL AUTO_INCREMENT, AUTO_INCREMENT=2;

--
-- AUTO_INCREMENT for table `booking`
--
ALTER TABLE `booking`
  MODIFY `BookingId` int(11) NOT NULL AUTO_INCREMENT, AUTO_INCREMENT=12;

--
-- AUTO_INCREMENT for table `enquiry`
--
ALTER TABLE `enquiry`
  MODIFY `id` int(11) NOT NULL AUTO_INCREMENT, AUTO_INCREMENT=5;

--
-- AUTO_INCREMENT for table `issues`
--
ALTER TABLE `issues`
  MODIFY `id` int(11) NOT NULL AUTO_INCREMENT, AUTO_INCREMENT=8;

--
-- AUTO_INCREMENT for table `pages`
--
ALTER TABLE `pages`
  MODIFY `id` int(11) NOT NULL AUTO_INCREMENT, AUTO_INCREMENT=22;

--
-- AUTO_INCREMENT for table `tourpackages`
--
ALTER TABLE `tourpackages`
  MODIFY `PackageId` int(11) NOT NULL AUTO_INCREMENT, AUTO_INCREMENT=7;

--
-- AUTO_INCREMENT for table `users`
--
ALTER TABLE `users`
  MODIFY `id` int(11) NOT NULL AUTO_INCREMENT, AUTO_INCREMENT=12;
COMMIT;

/*!40101 SET CHARACTER_SET_CLIENT=@OLD_CHARACTER_SET_CLIENT */;
/*!40101 SET CHARACTER_SET_RESULTS=@OLD_CHARACTER_SET_RESULTS */;
/*!40101 SET COLLATION_CONNECTION=@OLD_COLLATION_CONNECTION */;
